,0
0,行く
1,できる
2,できる
3,できる
4,できる
5,思う
6,できる
7,近づく
8,行く
9,できる
10,なる
11,できる
12,くくる
13,できる
14,張り巡らす
15,陥る
16,いる
17,いただく
18,いただく
19,できる
20,ふく
21,言う
22,できる
23,できる
24,行く
25,照る
26,できる
27,割る
28,抜く
29,できる
30,できる
31,できる
32,出会う
33,見出す
34,思う
35,つく
36,勇気づく
37,らる
38,踏み入る
39,ふる
40,いただく
41,できる
42,着く
43,撮る
44,いる
45,売る
46,つく
47,破る
48,わく
49,踏み入る
50,つく
51,いただく
52,近づく
53,取り付く
54,できる
55,できる
56,絡む
57,来る
58,近づく
59,できる
60,できる
61,なる
62,浮かぶ
63,会う
64,言う
65,いただく
66,封じ込む
67,らる
68,できる
69,立つ
70,取り組む
71,たどりつく
72,震わす
73,言う
74,勇気づく
75,らる
76,唱う
77,巡らす
78,砕く
79,いただく
80,立つ
81,できる
82,できる
83,できる
84,できる
85,できる
86,なる
87,割る
88,できる
89,できる
90,会う
91,行く
92,会う
93,できる
94,なる
95,できる
96,なる
97,添う
98,溶く
99,開く
100,選ぶ
101,唱う
102,できる
103,運ぶ
104,掴む
105,できる
106,開く
107,なる
108,楽しむ
109,思う
110,言う
111,できる
112,いただく
113,なる
114,言う
115,過ごす
116,できる
117,持ち込む
118,住む
119,住む
120,つく
121,光らす
122,会う
123,できる
124,思う
125,いただく
126,楽しむ
127,できる
128,できる
129,いただく
130,立ち向かう
131,添う
132,できる
133,巡り会う
134,できる
135,できる
136,できる
137,なる
138,楽しむ
139,いただく
140,なる
141,戻る
142,会う
143,会う
144,できる
145,聞く
146,できる
147,出会う
148,いただく
149,移る
150,着く
151,なる
152,つく
153,陥る
154,つく
155,なる
156,なる
157,添う
158,言う
159,つく
160,近付く
161,なる
162,馴染む
163,立つ
164,いただく
165,行く
166,楽しむ
167,勇気づく
168,できる
169,抜く
170,戻る
171,出会う
172,出会う
173,過ごす
174,会う
175,できる
176,返り咲く
177,揃う
178,進む
179,乗る
180,持ち込む
181,行く
182,できる
183,つく
184,なる
185,いる
186,できる
187,潜む
188,焼き付く
189,着く
190,添う
191,楽しむ
192,会う
193,会う
194,できる
195,できる
196,割る
197,できる
198,絡む
199,つく
200,つく
201,つく
202,楽しむ
203,なじむ
204,帰る
205,できる
206,なる
207,なる
208,なる
209,戻す
210,できる
211,楽しむ
212,つく
213,つく
214,創る
215,できる
216,いただく
217,いただく
218,役立つ
219,行く
220,できる
221,つく
222,なる
223,寄り添う
224,繋ぐ
225,できる
226,なる
227,楽しむ
228,開く
229,使う
230,入り込む
231,できる
232,できる
233,つく
234,透く
235,できる
236,つく
237,戻る
238,持つ
239,なる
240,できる
241,解く
242,つく
243,できる
244,勝つ
245,使う
246,なる
247,いただく
248,つく
249,できる
250,あく
251,できる
252,なる
253,楽しむ
254,つく
255,いただく
256,くる
257,できる
258,立つ
259,行く
260,会う
261,欠く
262,添う
263,なる
264,なる
265,できる
266,いただく
267,いただく
268,会う
269,会う
270,楽しむ
271,わく
272,着く
273,なる
274,立つ
275,弾く
276,泣く
277,できる
278,いただく
279,漏る
280,つく
281,できる
282,漏る
283,できる
284,押し込む
285,る
286,会う
287,行く
288,つく
289,できる
290,戻る
291,響かす
292,できる
293,戦う
294,つく
295,踏み入る
296,来る
297,つく
298,つく
299,行く
300,並ぶ
301,らる
302,詰む
303,いる
304,いただく
305,陥る
306,痛む
307,漏る
308,楽しむ
309,なる
310,入り込む
311,できる
312,見る
313,添う
314,なる
315,なる
316,いただく
317,なる
318,進む
319,売る
320,できる
321,なる
322,できる
323,できる
324,張り付く
325,できる
326,読む
327,含む
328,つく
329,撮る
330,できる
331,出会う
332,照る
333,見る
334,見る
335,できる
336,引き出す
337,使う
338,できる
339,できる
340,戻す
341,書く
342,わる
343,できる
344,できる
345,読む
346,あきる
347,読む
348,出会う
349,できる
350,取る
351,できる
352,できる
353,できる
354,読む
355,できる
356,できる
357,出す
358,使う
359,やむ
360,読む
361,できる
362,読む
363,できる
364,使う
365,取り付く
366,できる
367,出会う
368,戻す
369,できる
370,進む
371,できる
372,できる
373,行く
374,張り付く
375,戻す
376,送る
377,できる
378,できる
379,できる
380,欠く
381,読む
382,使う
383,つく
384,行く
385,使う
386,できる
387,できる
388,使う
389,できる
390,並ぶ
391,読む
392,できる
393,できる
394,できる
395,読む
396,使う
397,できる
398,できる
399,読む
400,できる
401,使う
402,読む
403,持ち運ぶ
404,できる
405,親しむ
406,できる
407,できる
408,できる
409,言う
410,できる
411,焼き付く
412,使う
413,使う
414,できる
415,行う
416,できる
417,作る
418,馴染む
419,できる
420,送る
421,扱う
422,できる
423,できる
424,添う
425,できる
426,できる
427,できる
428,取りつく
429,読む
430,ならぶ
431,読む
432,行く
433,いただく
434,できる
435,読む
436,読む
437,読む
438,巻き付く
439,通す
440,巻き付く
441,つく
442,できる
443,楽しむ
444,読む
445,近づく
446,できる
447,読む
448,使う
449,使う
450,使う
451,できる
452,できる
453,できる
454,張り付く
455,できる
456,できる
457,できる
458,できる
459,読む
460,できる
461,役立つ
462,読む
463,うずもる
464,なる
465,貰う
466,読む
467,できる
468,使う
469,出会う
470,できる
471,売る
472,できる
473,できる
474,できる
475,できる
476,できる
477,使う
478,できる
479,楽しむ
480,行う
481,できる
482,もる
483,引き出す
484,行う
485,できる
486,読む
487,できる
488,できる
489,まかす
490,やむ
491,選ぶ
492,読む
493,読む
494,できる
495,出す
496,できる
497,できる
498,できる
499,できる
500,持ち運ぶ
501,取りつく
502,読む
503,できる
504,使う
505,取る
506,読む
507,できる
508,できる
509,できる
510,読む
511,できる
512,つく
513,引っかく
514,できる
515,できる
516,できる
517,できる
518,使う
519,使う
520,繋ぐ
521,できる
522,隠す
523,取り外す
524,読む
525,できる
526,読む
527,できる
528,戻す
529,読む
530,できる
531,できる
532,できる
533,使う
534,できる
535,できる
536,できる
537,もらう
538,できる
539,つく
540,つく
541,できる
542,読む
543,出会う
544,できる
545,できる
546,売る
547,読む
548,できる
549,読む
550,取り付く
551,置く
552,読む
553,つく
554,残す
555,もらう
556,出会う
557,できる
558,できる
559,繋ぐ
560,繋ぐ
561,できる
562,できる
563,読む
564,できる
565,行う
566,できる
567,できる
568,繋ぐ
569,繋ぐ
570,繋ぐ
571,言う
572,できる
573,できる
574,読む
575,できる
576,たどり着く
577,できる
578,できる
579,読む
580,役立つ
581,できる
582,探し出す
583,楽しむ
584,できる
585,できる
586,読む
587,読む
588,できる
589,読む
590,読む
591,行く
592,読む
593,持ち歩く
594,使う
595,使う
596,使う
597,できる
598,できる
599,できる
600,できる
601,選ぶ
602,できる
603,取り付く
604,できる
605,読み込む
606,できる
607,使う
608,使う
609,できる
610,言う
611,できる
612,戻す
613,使う
614,できる
615,使う
616,できる
617,立つ
618,並ぶ
619,できる
620,読む
621,楽しむ
622,たどり着く
623,言う
624,できる
625,できる
626,できる
627,行く
628,使う
629,行う
630,持つ
631,できる
632,できる
633,できる
634,できる
635,使う
636,読む
637,手伝う
638,出会う
639,描く
640,できる
641,できる
642,進む
643,使う
644,できる
645,読む
646,つく
647,戻る
648,できる
649,読む
650,使う
651,使う
652,行う
653,使う
654,買う
655,できる
656,使う
657,できる
658,使う
659,使う
660,使う
661,読む
662,できる
663,いる
664,できる
665,できる
666,すすむ
667,使う
668,読む
669,できる
670,役立つ
671,行く
672,できる
673,読む
674,できる
675,使う
676,出会う
677,読む
678,置く
679,読む
680,使う
681,できる
682,できる
683,使う
684,できる
685,できる
686,できる
687,できる
688,ふる
689,使う
690,できる
691,できる
692,できる
693,なる
694,できる
695,楽しむ
696,行く
697,出会う
698,送る
699,使う
700,使う
701,読む
702,つく
703,撮る
704,置く
705,できる
706,できる
707,できる
708,つく
709,できる
710,できる
711,できる
712,わく
713,できる
714,つく
715,できる
716,とる
717,できる
718,楽しむ
719,できる
720,読む
721,取り付く
722,組み付く
723,並ぶ
724,持ち運ぶ
725,できる
726,読む
727,読む
728,繋ぐ
729,できる
730,できる
731,できる
732,使う
733,できる
734,使う
735,売る
736,読む
737,戻る
738,あく
739,できる
740,使う
741,できる
742,取り込む
743,できる
744,読む
745,おう
746,できる
747,できる
748,できる
749,できる
750,使う
751,できる
752,読む
753,並ぶ
754,できる
755,取り付く
756,取り付く
757,取り付く
758,取り付く
759,つなぐ
760,なる
761,唱う
762,できる
763,できる
764,できる
765,読む
766,かかる
767,戻す
768,できる
769,使う
770,できる
771,かかる
772,できる
773,できる
774,楽しむ
775,使う
776,できる
777,できる
778,できる
779,読む
780,楽しむ
781,できる
782,できる
783,できる
784,読む
785,出会う
786,みう
787,出す
788,つく
789,送る
790,出会う
791,結びつく
792,できる
793,できる
794,できる
795,できる
796,読む
797,引き出す
798,できる
799,繋ぐ
800,つく
801,できる
802,できる
803,できる
804,できる
805,できる
806,会う
807,読む
808,できる
809,できる
810,取り付く
811,取りつく
812,持ち運ぶ
813,できる
814,読む
815,できる
816,読む
817,読む
818,読む
819,できる
820,できる
821,取り付く
822,できる
823,できる
824,言う
825,読む
826,取り付く
827,できる
828,使う
829,できる
830,つなぐ
831,できる
832,できる
833,張り付く
834,らる
835,そろう
836,できる
837,売る
838,読む
839,できる
840,できる
841,行う
842,読む
843,取りつく
844,添う
845,添う
846,稼ぐ
847,稼ぐ
848,読む
849,できる
850,読む
851,できる
852,読む
853,読む
854,できる
855,並ぶ
856,読む
857,できる
858,できる
859,できる
860,できる
861,なる
862,読む
863,使う
864,取り込む
865,読む
866,読む
867,できる
868,読む
869,行う
870,できる
871,取りつく
872,できる
873,できる
874,できる
875,できる
876,できる
877,戻す
878,読む
879,つく
880,できる
881,巻き付く
882,巻き付く
883,巻き付く
884,使う
885,行う
886,まかなう
887,持ち運ぶ
888,読む
889,できる
890,なる
891,なる
892,使う
893,読む
894,使う
895,できる
896,勝つ
897,なる
898,ひかる
899,扱う
900,行く
901,取り出す
902,使う
903,できる
904,できる
905,役立つ
906,作る
907,できる
908,できる
909,できる
910,なる
911,作る
912,立つ
913,らる
914,なる
915,できる
916,売る
917,売る
918,怒る
919,できる
920,作る
921,できる
922,なる
923,撮る
924,勝つ
925,できる
926,撮る
927,できる
928,作る
929,やむ
930,できる
931,できる
932,取り付く
933,らる
934,撮る
935,欠く
936,できる
937,つく
938,売る
939,できる
940,取り付く
941,といあわす
942,できる
943,できる
944,つく
945,できる
946,できる
947,行う
948,くくる
949,取り付く
950,らる
951,いる
952,なる
953,押す
954,撮る
955,できる
956,撮る
957,できる
958,つく
959,つく
960,できる
961,できる
962,できる
963,なる
964,作る
965,売る
966,作る
967,沈む
968,聞き取る
969,勝つ
970,切る
971,測る
972,まかす
973,楽しむ
974,勝つ
975,できる
976,できる
977,できる
978,できる
979,できる
980,できる
981,つく
982,手放す
983,できる
984,焼く
985,できる
986,つく
987,追いつく
988,できる
989,作る
990,勝つ
991,できる
992,できる
993,できる
994,進む
995,問い合わす
996,勝つ
997,つく
998,進む
999,できる
1000,勝つ
1001,つく
1002,できる
1003,できる
1004,見渡す
1005,問い合わす
1006,できる
1007,使う
1008,流し込む
1009,なる
1010,いる
1011,できる
1012,売る
1013,できる
1014,撮る
1015,取り付く
1016,取り付く
1017,できる
1018,できる
1019,できる
1020,できる
1021,できる
1022,進む
1023,らる
1024,できる
1025,磨く
1026,できる
1027,作る
1028,揃う
1029,らる
1030,できる
1031,できる
1032,できる
1033,できる
1034,使う
1035,取り付く
1036,売る
1037,できる
1038,思う
1039,怒る
1040,撮る
1041,できる
1042,なる
1043,いく
1044,できる
1045,怒る
1046,できる
1047,できる
1048,できる
1049,売る
1050,できる
1051,撮る
1052,撮る
1053,できる
1054,会う
1055,撮る
1056,怒る
1057,作る
1058,できる
1059,できる
1060,撮る
1061,できる
1062,たたむ
1063,つく
1064,持ち込む
1065,使う
1066,つく
1067,できる
1068,撮る
1069,できる
1070,使う
1071,つく
1072,らる
1073,取り付く
1074,楽しむ
1075,できる
1076,できる
1077,できる
1078,立つ
1079,売る
1080,できる
1081,溶く
1082,使う
1083,取り付く
1084,取り付く
1085,らる
1086,立つ
1087,できる
1088,伸ばす
1089,撮る
1090,使う
1091,できる
1092,遊ぶ
1093,取り組む
1094,そろう
1095,唱う
1096,つく
1097,つく
1098,買う
1099,売る
1100,作る
1101,賄う
1102,できる
1103,触れ合う
1104,焼く
1105,置く
1106,焼く
1107,とぐ
1108,つく
1109,使う
1110,できる
1111,できる
1112,開く
1113,できる
1114,使う
1115,できる
1116,売る
1117,できる
1118,売る
1119,売る
1120,売る
1121,頼る
1122,つく
1123,つく
1124,できる
1125,できる
1126,できる
1127,なる
1128,つく
1129,できる
1130,できる
1131,怒る
1132,勝つ
1133,できる
1134,できる
1135,勝つ
1136,できる
1137,できる
1138,できる
1139,できる
1140,楽しむ
1141,楽しむ
1142,売る
1143,できる
1144,できる
1145,いる
1146,しる
1147,取り付く
1148,取り付く
1149,らる
1150,できる
1151,できる
1152,進む
1153,なる
1154,眠る
1155,できる
1156,なる
1157,できる
1158,つく
1159,売る
1160,できる
1161,勝つ
1162,できる
1163,たどりつく
1164,できる
1165,持つ
1166,ひかる
1167,できる
1168,いただく
1169,いただく
1170,できる
1171,勝つ
1172,できる
1173,できる
1174,できる
1175,できる
1176,できる
1177,歌う
1178,できる
1179,隠す
1180,なる
1181,隠す
1182,できる
1183,引っかく
1184,謝る
1185,貰う
1186,やる
1187,否む
1188,割る
1189,なる
1190,苦しむ
1191,らる
1192,作る
1193,隠す
1194,できる
1195,隠す
1196,許す
1197,来る
1198,つなぐ
1199,伏す
1200,痛む
1201,つく
1202,言う
1203,謝る
1204,稼ぐ
1205,なる
1206,なる
1207,できる
1208,できる
1209,言う
1210,できる
1211,来る
1212,こぎつく
1213,漏る
1214,逃げ込む
1215,つく
1216,くる
1217,詰む
1218,改む
1219,らる
1220,唱う
1221,ひそむ
1222,買う
1223,とむ
1224,もらう
1225,なる
1226,いただく
1227,傷つく
1228,らる
1229,唱う
1230,言う
1231,できる
1232,つく
1233,並ぶ
1234,つく
1235,なむ
1236,問い合わす
1237,飾る
1238,できる
1239,戻る
1240,戻る
1241,戻る
1242,言い聞かす
1243,痛む
1244,生き残る
1245,みう
1246,なる
1247,勝つ
1248,なる
1249,できる
1250,含む
1251,言う
1252,乗る
1253,乗る
1254,食わす
1255,産む
1256,産む
1257,賑わす
1258,養う
1259,つく
1260,欠く
1261,光らす
1262,できる
1263,なる
1264,なる
1265,みう
1266,なる
1267,できる
1268,みす
1269,だす
1270,つく
1271,らる
1272,持つ
1273,やる
1274,つく
1275,できる
1276,隠す
1277,開く
1278,する
1279,つく
1280,なる
1281,できる
1282,できる
1283,駆け込む
1284,飾る
1285,まかす
1286,つく
1287,上がる
1288,つく
1289,つく
1290,欠く
1291,できる
1292,できる
1293,できる
1294,できる
1295,つく
1296,できる
1297,透く
1298,できる
1299,並ぶ
1300,できる
1301,行く
1302,撮る
1303,できる
1304,踏み入る
1305,言う
1306,いく
1307,できる
1308,繋ぐ
1309,らる
1310,つく
1311,できる
1312,つく
1313,つく
1314,つく
1315,近づく
1316,つく
1317,つく
1318,できる
1319,つく
1320,つく
1321,らる
1322,つく
1323,書く
1324,行く
1325,思う
1326,できる
1327,できる
1328,つく
1329,進む
1330,絡む
1331,並ぶ
1332,らる
1333,並ぶ
1334,らる
1335,包み込む
1336,進む
1337,できる
1338,できる
1339,つく
1340,つく
1341,勝つ
1342,運ぶ
1343,くる
1344,使う
1345,できる
1346,はやらす
1347,つく
1348,らる
1349,できる
1350,できる
1351,役立つ
1352,取り組む
1353,できる
1354,乗り合わす
1355,できる
1356,できる
1357,できる
1358,つなぐ
1359,できる
1360,揃う
1361,つく
1362,思う
1363,できる
1364,出会う
1365,楽しむ
1366,なる
1367,つく
1368,できる
1369,進む
1370,立つ
1371,立つ
1372,思う
1373,ふる
1374,できる
1375,移す
1376,言う
1377,つく
1378,詰め込む
1379,いう
1380,つく
1381,できる
1382,思う
1383,できる
1384,できる
1385,戻る
1386,使う
1387,添う
1388,添う
1389,なる
1390,馴染む
1391,飛び込む
1392,添う
1393,欠く
1394,すすむ
1395,らる
1396,しる
1397,使う
1398,添う
1399,欠く
1400,なる
1401,できる
1402,取り付く
1403,使う
1404,できる
1405,生かす
1406,乗る
1407,いる
1408,つく
1409,欠く
1410,つなぐ
1411,できる
1412,抜く
1413,抜く
1414,できる
1415,できる
1416,使う
1417,使う
1418,つく
1419,なる
1420,繋ぐ
1421,できる
1422,会う
1423,合す
1424,見出す
1425,つく
1426,できる
1427,見る
1428,できる
1429,使う
1430,できる
1431,揃う
1432,打つ
1433,近づく
1434,つく
1435,乗る
1436,飲む
1437,できる
1438,繋ぐ
1439,らる
1440,使う
1441,着く
1442,できる
1443,進む
1444,踏み入る
1445,いる
1446,詰む
1447,らる
1448,できる
1449,並ぶ
1450,出す
1451,使う
1452,つく
1453,らる
1454,できる
1455,わく
1456,近づく
1457,できる
1458,つく
1459,進む
1460,保つ
1461,つく
1462,つく
1463,帰る
1464,できる
1465,できる
1466,つく
1467,できる
1468,出す
1469,できる
1470,取る
1471,添う
1472,らる
1473,運ぶ
1474,役立つ
1475,つく
1476,できる
1477,つく
1478,行く
1479,近づく
1480,擦る
1481,配る
1482,そろう
1483,できる
1484,添う
1485,できる
1486,つく
1487,なる
1488,できる
1489,できる
1490,できる
1491,できる
1492,できる
1493,とる
1494,使う
1495,磨く
1496,近づく
1497,できる
1498,戻る
1499,住む
1500,出会う
1501,添う
1502,漏る
1503,つく
1504,役立つ
1505,つく
1506,ふる
1507,楽しむ
1508,できる
1509,できる
1510,払う
1511,立つ
1512,できる
1513,できる
1514,かかる
1515,できる
1516,添う
1517,らる
1518,できる
1519,つく
1520,らる
1521,思う
1522,つく
1523,わく
1524,轟かす
1525,つく
1526,泊まる
1527,出会う
1528,折る
1529,なる
1530,使う
1531,できる
1532,つく
1533,つく
1534,役立つ
1535,なる
1536,できる
1537,行く
1538,いる
1539,いう
1540,できる
1541,できる
1542,抗う
1543,楽しむ
1544,できる
1545,やる
1546,できる
1547,つく
1548,回す
1549,緩む
1550,つく
1551,こぎつく
1552,つづく
1553,らる
1554,配る
1555,できる
1556,できる
1557,できる
1558,進む
1559,眠る
1560,近付く
1561,できる
1562,頼む
1563,できる
1564,通う
1565,できる
1566,見逃す
1567,できる
1568,行く
1569,抜く
1570,できる
1571,通う
1572,会う
1573,できる
1574,できる
1575,つく
1576,近づく
1577,できる
1578,なる
1579,戻る
1580,向かう
1581,なる
1582,知る
1583,近づく
1584,近づく
1585,馴染む
1586,持つ
1587,できる
1588,できる
1589,できる
1590,できる
1591,できる
1592,できる
1593,進む
1594,らる
1595,できる
1596,乗る
1597,出歩く
1598,なる
1599,できる
1600,まかす
1601,払う
1602,いる
1603,できる
1604,逢う
1605,行く
1606,近づく
1607,立つ
1608,つく
1609,誇る
1610,会う
1611,できる
1612,いる
1613,つく
1614,置く
1615,呼び出す
1616,なる
1617,なる
1618,いただく
1619,呼び出す
1620,抜く
1621,なる
1622,着こなす
1623,なる
1624,言う
1625,できる
1626,並ぶ
1627,らる
1628,なる
1629,なる
1630,呼び出す
1631,抜く
1632,送る
1633,できる
1634,溶く
1635,できる
1636,折る
1637,つく
1638,呼び出す
1639,つく
1640,なる
1641,出会う
1642,いただく
1643,呼び出す
1644,焼く
1645,持つ
1646,できる
1647,使う
1648,楽しむ
1649,いただく
1650,進む
1651,つく
1652,らる
1653,立つ
1654,できる
1655,持つ
1656,できる
1657,できる
1658,溶く
1659,溶く
1660,出会う
1661,楽しむ
1662,行く
1663,なる
1664,できる
1665,つく
1666,つく
1667,つく
1668,いただく
1669,いただく
1670,欠く
1671,なる
1672,叶う
1673,呼び出す
1674,なる
1675,できる
1676,選ぶ
1677,貰う
1678,できる
1679,なる
1680,なる
1681,つく
1682,つく
1683,取り出す
1684,できる
1685,わく
1686,できる
1687,そろう
1688,なる
1689,できる
1690,できる
1691,見る
1692,着く
1693,楽しむ
1694,できる
1695,できる
1696,いただく
1697,できる
1698,添う
1699,詰む
1700,踏み切る
1701,役立つ
1702,添う
1703,添う
1704,つく
1705,詰む
1706,溶く
1707,できる
1708,なる
1709,並ぶ
1710,らる
1711,売る
1712,しる
1713,つく
1714,らる
1715,できる
1716,いる
1717,離す
1718,詰む
1719,できる
1720,抜く
1721,できる
1722,できる
1723,浮かぶ
1724,楽しむ
1725,くる
1726,しかる
1727,いただく
1728,楽しむ
1729,結びつく
1730,つく
1731,つく
1732,らる
1733,近づく
1734,できる
1735,できる
1736,できる
1737,できる
1738,呼び出す
1739,できる
1740,できる
1741,いただく
1742,なる
1743,できる
1744,できる
1745,痛む
1746,なる
1747,なる
1748,つく
1749,なる
1750,楽しむ
1751,味わう
1752,できる
1753,楽しむ
1754,できる
1755,つかる
1756,馴染む
1757,なる
1758,つく
1759,揃う
1760,つく
1761,詰む
1762,いただく
1763,近づく
1764,できる
1765,できる
1766,できる
1767,できる
1768,いただく
1769,できる
1770,つく
1771,巻き付く
1772,なる
1773,つく
1774,できる
1775,使う
1776,並ぶ
1777,着く
1778,寝かす
1779,むく
1780,使う
1781,呼び出す
1782,なる
1783,並ぶ
1784,なる
1785,思う
1786,できる
1787,なる
1788,できる
1789,会う
1790,つく
1791,味わう
1792,できる
1793,できる
1794,できる
1795,みとる
1796,できる
1797,できる
1798,できる
1799,持つ
1800,呼び出す
1801,できる
1802,つく
1803,役立つ
1804,らる
1805,結びつく
1806,もらう
1807,出会う
1808,残す
1809,なる
1810,味わう
1811,呼び出す
1812,できる
1813,つく
1814,呼び出す
1815,つく
1816,できる
1817,作る
1818,なる
1819,できる
1820,わく
1821,いただく
1822,つく
1823,いう
1824,できる
1825,つく
1826,つく
1827,なる
1828,できる
1829,呼び出す
1830,持つ
1831,呼び出す
1832,つく
1833,できる
1834,味わう
1835,捧ぐ
1836,できる
1837,なる
1838,できる
1839,詰む
1840,踏み入る
1841,つく
1842,できる
1843,つく
1844,添う
1845,なる
1846,つく
1847,できる
1848,立つ
1849,なる
1850,並ぶ
1851,並ぶ
1852,できる
1853,そろう
1854,かかる
1855,出会う
1856,入り込む
1857,できる
1858,飲む
1859,つく
1860,つく
1861,できる
1862,つく
1863,欠く
1864,できる
1865,なる
1866,働く
1867,持つ
1868,出会う
1869,できる
1870,立つ
1871,すすむ
1872,持つ
1873,逆らう
1874,いただく
1875,役立つ
1876,開く
1877,いただく
1878,取り組む
1879,つく
1880,近づく
1881,らる
1882,つく
1883,つく
1884,伏す
1885,つく
1886,つく
1887,できる
1888,しる
1889,引き立つ
1890,呼び出す
1891,行く
1892,添う
1893,できる
1894,なる
1895,できる
1896,できる
1897,しる
1898,できる
1899,近づく
1900,できる
1901,できる
1902,できる
1903,言う
1904,寄る
1905,たぶ
1906,許す
1907,できる
1908,残す
1909,いただく
1910,つく
1911,らる
1912,できる
1913,呼び出す
1914,なる
1915,できる
1916,つく
1917,置く
1918,踏み入る
1919,なる
1920,出会う
1921,できる
1922,残す
1923,つく
1924,つく
1925,呼び出す
1926,近づく
1927,詰む
1928,いただく
1929,できる
1930,できる
1931,できる
1932,できる
1933,使う
1934,つく
1935,楽しむ
1936,なる
1937,欠く
1938,なる
1939,いただく
1940,つく
1941,走る
1942,できる
1943,楽しむ
1944,望む
1945,つく
1946,できる
1947,できる
1948,呼び出す
1949,こむ
1950,らる
1951,なる
1952,なる
1953,なる
1954,できる
1955,つかむ
1956,近づく
1957,眠る
1958,なる
1959,できる
1960,いう
1961,できる
1962,つく
1963,呼び出す
1964,できる
1965,楽しむ
1966,済ます
1967,塗る
1968,なる
1969,できる
1970,使う
1971,つく
1972,もる
1973,近づく
1974,楽しむ
1975,つく
1976,つく
1977,つく
1978,いただく
1979,なる
1980,なる
1981,できる
1982,できる
1983,住む
1984,いつ
1985,呼び出す
1986,使う
1987,できる
1988,抜く
1989,会う
1990,立つ
1991,踏み入る
1992,できる
1993,できる
1994,つく
1995,なる
1996,なる
1997,問い合わす
1998,むく
1999,なる
2000,いただく
2001,使う
2002,できる
2003,泡立つ
2004,つむ
2005,つく
2006,できる
2007,思う
2008,つく
2009,呼び出す
2010,なる
2011,できる
2012,許す
2013,買う
2014,出会う
2015,なる
2016,思う
2017,並ぶ
2018,らる
2019,並ぶ
2020,並ぶ
2021,らる
2022,まとう
2023,離す
2024,つく
2025,つく
2026,できる
2027,なる
2028,できる
2029,つく
2030,つく
2031,つく
2032,つく
2033,つく
2034,つく
2035,近づく
2036,いただく
2037,つく
2038,近づく
2039,つく
2040,できる
2041,できる
2042,売る
2043,使う
2044,使う
2045,つく
2046,つく
2047,つく
2048,来る
2049,できる
2050,なる
2051,できる
2052,行く
2053,添う
2054,破る
2055,なる
2056,楽しむ
2057,なる
2058,開く
2059,なる
2060,出す
2061,眠らす
2062,できる
2063,つく
2064,つく
2065,つく
2066,楽しむ
2067,なる
2068,出会う
2069,なる
2070,できる
2071,つく
2072,いただく
2073,遊ぶ
2074,会う
2075,できる
2076,つく
2077,できる
2078,なる
2079,つく
2080,つく
2081,切る
2082,出会う
2083,なる
2084,つく
2085,できる
2086,できる
2087,いただく
2088,できる
2089,できる
2090,つく
2091,なる
2092,うかがう
2093,もつ
2094,抜く
2095,持つ
2096,つく
2097,なる
2098,みす
2099,つく
2100,呼び出す
2101,許す
2102,なる
2103,消す
2104,詰む
2105,いただく
2106,使う
2107,使う
2108,できる
2109,踏み切る
2110,なる
2111,使う
2112,つく
2113,いただく
2114,繋ぐ
2115,結びつく
2116,なる
2117,楽しむ
2118,できる
2119,着く
2120,歩く
2121,いただく
2122,溶く
2123,みす
2124,できる
2125,進む
2126,できる
2127,できる
2128,添う
2129,行く
2130,できる
2131,できる
2132,みう
2133,できる
2134,できる
2135,つく
2136,つく
2137,痛む
2138,なる
2139,いう
2140,進む
2141,できる
2142,つく
2143,なる
2144,つく
2145,なる
2146,片付く
2147,行く
2148,とる
2149,なる
2150,できる
2151,できる
2152,帰る
2153,みす
2154,いく
2155,持つ
2156,立つ
2157,立つ
2158,できる
2159,呼ぶ
2160,打ち取る
2161,乗る
2162,できる
2163,できる
2164,できる
2165,行く
2166,漏る
2167,できる
2168,つく
2169,なる
2170,できる
2171,できる
2172,立つ
2173,使う
2174,使う
2175,打ち込む
2176,唱う
2177,できる
2178,できる
2179,できる
2180,轟かす
2181,つく
2182,語る
2183,追いつく
2184,つく
2185,つく
2186,進む
2187,開く
2188,勝つ
2189,行く
2190,出す
2191,できる
2192,いう
2193,できる
2194,できる
2195,なる
2196,できる
2197,できる
2198,言う
2199,なる
2200,ずらす
2201,近付く
2202,払う
2203,なる
2204,できる
2205,できる
2206,いく
2207,できる
2208,できる
2209,できる
2210,戦う
2211,進む
2212,言い聞かす
2213,残す
2214,進む
2215,できる
2216,呼ぶ
2217,できる
2218,なる
2219,言い聞かす
2220,揉む
2221,まく
2222,できる
2223,つく
2224,欠く
2225,できる
2226,食らわす
2227,できる
2228,進む
2229,つく
2230,抜く
2231,くる
2232,取る
2233,乗り切る
2234,離す
2235,勝つ
2236,できる
2237,とる
2238,言い聞かす
2239,できる
2240,縫い合わす
2241,繋ぐ
2242,ずる
2243,できる
2244,いく
2245,言い聞かす
2246,できる
2247,繋ぐ
2248,欠く
2249,できる
2250,できる
2251,できる
2252,できる
2253,できる
2254,言い聞かす
2255,できる
2256,なる
2257,つく
2258,できる
2259,開く
2260,欠く
2261,払う
2262,燃やす
2263,跳ぶ
2264,痛む
2265,つく
2266,使う
2267,いく
2268,焼き付く
2269,結びつく
2270,つく
2271,なる
2272,轟かす
2273,しる
2274,笑う
2275,きる
2276,できる
2277,痛む
2278,出す
2279,立つ
2280,帰る
2281,弾く
2282,いく
2283,勝つ
2284,できる
2285,みす
2286,できる
2287,売る
2288,立つ
2289,らる
2290,つなぐ
2291,かる
2292,出会う
2293,できる
2294,織る
2295,誇る
2296,みう
2297,出会う
2298,頼る
2299,つく
2300,なる
2301,できる
2302,できる
2303,いる
2304,できる
2305,保つ
2306,問い合わす
2307,踏み出す
2308,なる
2309,持つ
2310,できる
2311,馴染む
2312,いる
2313,傷つく
2314,近付く
2315,つく
2316,取る
2317,できる
2318,なる
2319,なむ
2320,らる
2321,できる
2322,つく
2323,とる
2324,出会う
2325,乗る
2326,乗る
2327,乗る
2328,思う
2329,思う
2330,思う
2331,戻る
2332,言い聞かす
2333,つく
2334,いる
2335,運ぶ
2336,使う
2337,できる
2338,楽しむ
2339,つく
2340,なる
2341,つく
2342,できる
2343,言う
2344,近付く
2345,浮かぶ
2346,出す
2347,踏み切る
2348,移す
2349,できる
2350,いる
2351,なる
2352,できる
2353,巡らす
2354,言い聞かす
2355,着く
2356,とむ
2357,問い合わす
2358,つく
2359,できる
2360,できる
2361,つとむ
2362,できる
2363,やむ
2364,できる
2365,すぐる
2366,できる
2367,出す
2368,負う
2369,つく
2370,絡む
2371,できる
2372,できる
2373,あやまる
2374,いう
2375,なる
2376,できる
2377,つく
2378,撮る
2379,なる
2380,はじく
2381,遊ぶ
2382,添う
2383,むく
2384,つく
2385,つく
2386,できる
2387,出会う
2388,注ぐ
2389,配る
2390,踏み切る
2391,踏み切る
2392,踏み切る
2393,できる
2394,つく
2395,つく
2396,とる
2397,いる
2398,みう
2399,つく
2400,望む
2401,つく
2402,取る
2403,つく
2404,らる
2405,思う
2406,思う
2407,持つ
2408,なる
2409,なる
2410,できる
2411,つく
2412,なる
2413,想う
2414,出会う
2415,できる
2416,行く
2417,できる
2418,勇気づく
2419,らる
2420,帰る
2421,つく
2422,できる
2423,やむ
2424,できる
2425,過ごす
2426,いる
2427,慰む
2428,できる
2429,もらう
2430,遣う
2431,よす
2432,できる
2433,なる
2434,できる
2435,立つ
2436,できる
2437,頼る
2438,できる
2439,添う
2440,思う
2441,立つ
2442,なる
2443,責む
2444,らる
2445,なる
2446,持つ
2447,つく
2448,つく
2449,責む
2450,つく
2451,行く
2452,問い合わす
2453,楽しむ
2454,できる
2455,つく
2456,できる
2457,つく
2458,できる
2459,つく
2460,つく
2461,できる
2462,いる
2463,見守る
2464,できる
2465,絡む
2466,むく
2467,笑う
2468,言い聞かす
2469,泣く
2470,なる
2471,なる
2472,持つ
2473,売る
2474,なる
2475,できる
2476,行く
2477,行く
2478,できる
2479,なる
2480,言い聞かす
2481,踏み入る
2482,つく
2483,思う
2484,つく
2485,つく
2486,なる
2487,なる
2488,なる
2489,なる
2490,なる
2491,できる
2492,いる
2493,つく
2494,できる
2495,帰る
2496,できる
2497,つく
2498,ゆる
2499,できる
2500,できる
2501,できる
2502,進む
2503,できる
2504,つく
2505,負う
2506,すすむ
2507,らる
2508,いる
2509,話す
2510,つきあう
2511,つく
2512,できる
2513,できる
2514,並ぶ
2515,らる
2516,抜く
2517,入り込む
2518,できる
2519,出合う
2520,つく
2521,なる
2522,つく
2523,できる
2524,できる
2525,思う
2526,なる
2527,待ち合わす
2528,行く
2529,できる
2530,つく
2531,惹く
2532,つく
2533,できる
2534,いる
2535,誇る
2536,つく
2537,残る
2538,漏る
2539,進む
2540,はじく
2541,思う
2542,いく
2543,問い合わす
2544,つる
2545,できる
2546,言う
2547,思う
2548,進む
2549,なる
2550,会う
2551,いる
2552,なる
2553,進む
2554,なる
2555,思う
2556,進む
2557,つく
2558,行く
2559,できる
2560,できる
2561,できる
2562,つく
2563,つく
2564,できる
2565,もる
2566,できる
2567,もらう
2568,つく
2569,折る
2570,できる
2571,立つ
2572,戻る
2573,楽しむ
2574,できる
2575,つく
2576,起こす
2577,出会う
2578,つく
2579,買う
2580,たつ
2581,つく
2582,つく
2583,なる
2584,つく
2585,できる
2586,つく
2587,よす
2588,言い聞かす
2589,問い合わす
2590,できる
2591,つく
2592,思う
2593,つく
2594,飲む
2595,できる
2596,出す
2597,付き合う
2598,できる
2599,もらう
2600,できる
2601,出会う
2602,なる
2603,みう
2604,できる
2605,できる
2606,なる
2607,つく
2608,つく
2609,もる
2610,作る
2611,進む
2612,誇る
2613,つく
2614,行く
2615,なる
2616,なる
2617,なる
2618,欠く
2619,会う
2620,片づく
2621,できる
2622,できる
2623,できる
2624,言い聞かす
2625,いく
2626,できる
2627,出会う
2628,つく
2629,できる
2630,持つ
2631,できる
2632,なる
2633,進む
2634,つく
2635,会う
2636,つく
2637,できる
2638,できる
2639,楽しむ
2640,理解し合う
2641,痛む
2642,出会う
2643,勝つ
2644,踏み入る
2645,できる
2646,就く
2647,もつ
2648,つく
2649,できる
2650,できる
2651,過ごす
2652,できる
2653,進む
2654,伏す
2655,つく
2656,つく
2657,できる
2658,出会う
2659,つく
2660,なる
2661,つく
2662,らる
2663,できる
2664,つく
2665,いる
2666,とる
2667,つく
2668,出会う
2669,つく
2670,できる
2671,なる
2672,出会う
2673,出会う
2674,つく
2675,勝つ
2676,呼ぶ
2677,つく
2678,つく
2679,つなぐ
2680,行く
2681,負う
2682,出会う
2683,むく
2684,できる
2685,慰む
2686,いる
2687,できる
2688,ふる
2689,ひかる
2690,出会う
2691,できる
2692,つく
2693,できる
2694,もつ
2695,できる
2696,表す
2697,できる
2698,傷つく
2699,できる
2700,なる
2701,使う
2702,つく
2703,行く
2704,出会う
2705,思う
2706,なる
2707,できる
2708,かる
2709,できる
2710,思う
2711,痛む
2712,いる
2713,泣く
2714,流す
2715,欠く
2716,持ち込む
2717,かる
2718,味わう
2719,つく
2720,勝つ
2721,済ます
2722,踏み切る
2723,できる
2724,いく
2725,しる
2726,ふる
2727,できる
2728,過ごす
2729,眠らす
2730,眠らす
2731,つく
2732,つく
2733,詰む
2734,出合う
2735,済ます
2736,おさむ
2737,なる
2738,つく
2739,できる
2740,外す
2741,流す
2742,使う
2743,できる
2744,しる
2745,使う
2746,楽しむ
2747,なる
2748,できる
2749,並ぶ
2750,持つ
2751,並ぶ
2752,つく
2753,なる
2754,つく
2755,こなす
2756,踏み入る
2757,済ます
2758,使う
2759,使う
2760,使う
2761,なる
2762,立ちこむ
2763,つく
2764,みす
2765,立つ
2766,しる
2767,つく
2768,つく
2769,戻る
2770,思う
2771,なる
2772,できる
2773,つく
2774,持つ
2775,なる
2776,できる
2777,戻る
2778,なる
2779,なる
2780,できる
2781,近づく
2782,なる
2783,なる
2784,惹く
2785,つく
2786,持つ
2787,つく
2788,開く
2789,つく
2790,つく
2791,つく
2792,いる
2793,つく
2794,持つ
2795,笑う
2796,惹く
2797,踏み入る
2798,つく
2799,つく
2800,使う
2801,できる
2802,なる
2803,できる
2804,つく
2805,欠く
2806,なる
2807,できる
2808,出会う
2809,楽しむ
2810,乗る
2811,とる
2812,行く
2813,負う
2814,持つ
2815,抜く
2816,できる
2817,なる
2818,よす
2819,持ち帰る
2820,いう
2821,出す
2822,馴染む
2823,馴染む
2824,馴染む
2825,帰る
2826,つく
2827,帰る
2828,なじむ
2829,誇る
2830,なる
2831,できる
2832,できる
2833,並ぶ
2834,並ぶ
2835,できる
2836,できる
2837,できる
2838,いる
2839,なる
2840,できる
2841,できる
2842,なる
2843,見抜く
2844,つく
2845,なる
2846,出会う
2847,いただく
2848,並ぶ
2849,着く
2850,できる
2851,できる
2852,役立つ
2853,なる
2854,つく
2855,できる
2856,破る
2857,出会う
2858,なる
2859,できる
2860,できる
2861,なる
2862,出す
2863,戻る
2864,持つ
2865,思う
2866,できる
2867,苦しむ
2868,らる
2869,持つ
2870,言う
2871,なる
2872,できる
2873,できる
2874,できる
2875,進む
2876,づく
2877,配る
2878,言う
2879,つく
2880,できる
2881,落ち着く
2882,行く
2883,会う
2884,会う
2885,つく
2886,なる
2887,できる
2888,笑う
2889,そろう
2890,立つ
2891,できる
2892,役立つ
2893,かる
2894,なる
2895,出す
2896,なる
2897,できる
2898,なる
2899,のる
2900,つく
2901,繋ぐ
2902,わく
2903,できる
2904,できる
2905,言い出す
2906,やむ
2907,できる
2908,使いこなす
2909,できる
2910,近付く
2911,できる
2912,できる
2913,できる
2914,できる
2915,できる
2916,使う
2917,なる
2918,できる
2919,できる
2920,できる
2921,使う
2922,できる
2923,できる
2924,問い合わす
2925,できる
2926,できる
2927,読む
2928,できる
2929,渡す
2930,できる
2931,できる
2932,できる
2933,近づく
2934,できる
2935,できる
2936,遊ぶ
2937,できる
2938,できる
2939,なる
2940,できる
2941,できる
2942,できる
2943,つく
2944,使う
2945,できる
2946,できる
2947,役立つ
2948,ずる
2949,張り付く
2950,らる
2951,まう
2952,できる
2953,できる
2954,できる
2955,できる
2956,役立つ
2957,使う
2958,なる
2959,出す
2960,なる
2961,できる
2962,楽しむ
2963,できる
2964,なる
2965,できる
2966,できる
2967,できる
2968,できる
2969,できる
2970,かかる
2971,かかる
2972,できる
2973,できる
2974,できる
2975,できる
2976,できる
2977,できる
2978,取り付く
2979,できる
2980,できる
2981,いる
2982,できる
2983,持つ
2984,できる
2985,なる
2986,切る
2987,できる
2988,問い合わす
2989,できる
2990,できる
2991,張り付く
2992,らる
2993,問い合わす
2994,できる
2995,遊ぶ
2996,できる
2997,巡らす
2998,できる
2999,できる
3000,できる
3001,もたす
3002,できる
3003,できる
3004,できる
3005,できる
3006,つく
3007,進む
3008,開く
3009,掛かる
3010,できる
3011,使う
3012,できる
3013,書き込む
3014,できる
3015,できる
3016,役立つ
3017,楽しむ
3018,できる
3019,できる
3020,できる
3021,できる
3022,なる
3023,置く
3024,できる
3025,できる
3026,できる
3027,できる
3028,選ぶ
3029,できる
3030,できる
3031,添う
3032,遊ぶ
3033,できる
3034,遊ぶ
3035,遊ぶ
3036,できる
3037,いう
3038,選ぶ
3039,使う
3040,わく
3041,できる
3042,できる
3043,できる
3044,できる
3045,できる
3046,できる
3047,できる
3048,移る
3049,できる
3050,取り付く
3051,そる
3052,できる
3053,買う
3054,できる
3055,使う
3056,使う
3057,できる
3058,落とす
3059,いく
3060,できる
3061,並ぶ
3062,らる
3063,取り付く
3064,つく
3065,つく
3066,つなぐ
3067,できる
3068,頂く
3069,頂く
3070,取る
3071,できる
3072,使う
3073,できる
3074,できる
3075,いる
3076,できる
3077,できる
3078,開く
3079,できる
3080,楽しむ
3081,隠す
3082,いる
3083,できる
3084,できる
3085,問い合わす
3086,できる
3087,できる
3088,もらう
3089,できる
3090,できる
3091,取り出す
3092,立つ
3093,らる
3094,つく
3095,できる
3096,できる
3097,すすむ
3098,できる
3099,できる
3100,なる
3101,逸る
3102,使う
3103,できる
3104,なる
3105,わく
3106,できる
3107,添う
3108,できる
3109,取り付く
3110,できる
3111,できる
3112,できる
3113,できる
3114,できる
3115,できる
3116,くらぶ
3117,できる
3118,できる
3119,できる
3120,楽しむ
3121,できる
3122,できる
3123,使う
3124,いく
3125,できる
3126,できる
3127,思う
3128,添う
3129,使う
3130,問い合わす
3131,使う
3132,できる
3133,できる
3134,近づく
3135,漏る
3136,使う
3137,できる
3138,つく
3139,取る
3140,楽しむ
3141,できる
3142,できる
3143,できる
3144,できる
3145,できる
3146,出す
3147,使う
3148,できる
3149,進む
3150,できる
3151,できる
3152,できる
3153,できる
3154,出会う
3155,使う
3156,使う
3157,なる
3158,できる
3159,使う
3160,使う
3161,できる
3162,できる
3163,できる
3164,できる
3165,できる
3166,できる
3167,できる
3168,出す
3169,読む
3170,遊ぶ
3171,進む
3172,できる
3173,できる
3174,できる
3175,できる
3176,できる
3177,できる
3178,できる
3179,できる
3180,できる
3181,できる
3182,できる
3183,できる
3184,できる
3185,売る
3186,かかる
3187,使う
3188,できる
3189,できる
3190,楽しむ
3191,かかる
3192,できる
3193,できる
3194,できる
3195,できる
3196,できる
3197,できる
3198,できる
3199,できる
3200,できる
3201,できる
3202,休む
3203,できる
3204,できる
3205,できる
3206,できる
3207,遊ぶ
3208,遊ぶ
3209,遊ぶ
3210,できる
3211,できる
3212,できる
3213,行う
3214,できる
3215,読み取る
3216,なる
3217,出す
3218,なる
3219,つく
3220,できる
3221,できる
3222,ずる
3223,できる
3224,できる
3225,できる
3226,楽しむ
3227,できる
3228,できる
3229,楽しむ
3230,なる
3231,おく
3232,できる
3233,できる
3234,できる
3235,崩す
3236,できる
3237,できる
3238,遊ぶ
3239,使う
3240,使いこなす
3241,できる
3242,描く
3243,できる
3244,できる
3245,できる
3246,つく
3247,つく
3248,つく
3249,らる
3250,出会う
3251,なる
3252,できる
3253,できる
3254,楽しむ
3255,楽しむ
3256,もる
3257,できる
3258,できる
3259,できる
3260,づく
3261,できる
3262,できる
3263,出会う
3264,できる
3265,できる
3266,できる
3267,勝つ
3268,なる
